{
    "A1": 1.0464598667361473,
    "A2": 1.099331536298148,
    "A3": 1.1511099937653766,
    "A4": 1.105410506978683,
    "A5": 1.0483412955100102,
    "B1": 1.0084165043494362,
    "B2": 0.9961407252825573,
    "B3": 1.1109986009504782,
    "B4": 1.1352336117243949,
    "B5": 1.1066941200390752,
    "C1": 1.0520362500219274,
    "C2": 1.0,
    "C3": 1.1969263900140172,
    "C4": 1.131441578569608,
    "C5": 1.4706932654143052,
    "D1": 1.2878649638581892,
    "D2": 1.0478249622385094,
    "D3": 1.213199151111788,
    "D4": 1.1373551067633014,
    "D5": 1.396242183974352,
    "E1": 1.0180523818161369,
    "E2": 0.9705640796271237,
    "E3": 1.0624416788433593,
    "E4": 1.2831767624229722,
    "E5": 1.3219738871975317
}